<metadata xml:lang="de">
	<Esri>
		<CreaDate>20230428</CreaDate>
		<CreaTime>16580100</CreaTime>
		<ArcGISFormat>1.0</ArcGISFormat>
		<SyncOnce>TRUE</SyncOnce>
		<DataProperties>
			<lineage>
				<Process ToolSource="z:\data\software\arcgis\server\framework\runtime\arcgis\Resources\ArcToolbox\toolboxes\Conversion Tools.tbx\JSONToFeatures" Date="20230428" Time="165801">JSONToFeatures Z:\data\arcgis\directories\arcgisjobs\utilities_itnrw\featureset2geodatascript_gpserver\ja2469ed3783c42b99086348715368f42\scratch\B-2022-AI003-3--AI0306--2023-04-28.json Z:\data\arcgis\directories\arcgisjobs\utilities_itnrw\featureset2geodatascript_gpserver\ja2469ed3783c42b99086348715368f42\scratch\B-2022-AI003-3--AI0306--2023-04-28.shp Polygon</Process>
				<Process ToolSource="z:\data\software\arcgis\server\framework\runtime\arcgis\Resources\ArcToolbox\toolboxes\Data Management Tools.tbx\RepairGeometry" Date="20230428" Time="165802">RepairGeometry Z:\data\arcgis\directories\arcgisjobs\utilities_itnrw\featureset2geodatascript_gpserver\ja2469ed3783c42b99086348715368f42\scratch\B-2022-AI003-3--AI0306--2023-04-28.shp KEEP_NULL Esri</Process>
			</lineage>
		</DataProperties>
	</Esri>
</metadata>
